Etiqueta	ValorDesde	ValorHasta
1	NA	47.16712328767123
2	47.16712328767123	52
3	52	55.90684931506849
4	55.90684931506849	59.863013698630134
5	59.863013698630134	NA
